index,x,x**2,x**0.5
1,1,1,1.0
2,2,4,1.4142135623730951
3,3,9,1.7320508075688772
4,4,16,2.0
5,5,25,2.23606797749979
6,6,36,2.449489742783178
7,7,49,2.6457513110645907
8,8,64,2.8284271247461903
9,9,81,3.0
10,10,100,3.1622776601683795
